Time created :Sun Mar 07 19:57:11 +0000 2021, text : â€œSebelum ni, saya rasa life saya kosong. Setiap hari tu sama. Malam pun sama. Saya pergi kerja, saya singgah makan, kemudian saya balik rumah. Takde apa yang special. Bertahun-tahun, sama je.â€œ sambung Bahadur,  Melodi cuba mendengar dengan tekun. 
Time created :Sun Mar 07 19:57:16 +0000 2021, text : Asli seribet itu bawa jalan bayik. Lg makan dia nangis minta nenen, trus lg solat dia nangis ga betah minta ganti popok. Trus baru tau kalo nursery room itu ga boleh masuk cowokğŸ˜­ğŸ˜­ğŸ˜­  Aku yg selama ini apa2 dibantu suamik &amp; ibu jd agak kagot dikit shayğŸ˜­ 
Time created :Sun Mar 07 19:58:29 +0000 2021, text : "aku sekarang kalo abis makan sering meler" *ambilin tisu sekotaknya ditaruh di pangkuanku  "aku susah ngomong gegara meler" *ditungguin sampe aku selesai beresin trs lanjut ngomong 
Time created :Sun Mar 07 19:58:30 +0000 2021, text : Macam sgt makan sinful foods today. Greasy, high in carbo.. air manis lagi. haha maybe sebab balas dendam habis pkpd &amp; cannot go anywhere sbb kerja 
Time created :Sun Mar 07 19:59:25 +0000 2021, text : @mereshakan ï¸ï¸ï¸ï¸  ï¸ï¸ï¸ï¸ ï¸ï¸ ï¸ï¸ï¸ ï¸ï¸ ï¸ï¸ ï¸ï¸ï¸ ï¸ï¸ "Kalau saya makan jengkol pas kamu masih ada kan kamu bakal kebauan dan otomatis ngejauh," ujar Edden tak mau kalah. Ia memang keras kepala perihal perdebatan, bahkan masalah sepele sekalipun. ï¸ï¸ï¸ï¸  ï¸ï¸ï¸ï¸ 
Time created :Sun Mar 07 20:00:40 +0000 2021, text : Selama 2 tahun di SMA ini, Irzan selalu nyempetin untuk nyamperin ke ruang kelas gue, sekedar ngajak ngobrol dan ketawa bareng, kita sering makan bekel berdua, yang juga kita buat berdua sebelum pergi sekolah. Masih ada fotonya pas dia masak bareng Ibu. https://t.co/px63e2o83N 
Time created :Sun Mar 07 20:02:31 +0000 2021, text : @HEARTSHAPEDIE ã…¤ã…¤ Kamu tau nggak? Habis kamu bilang begini, tidur saya nggak nyenyak. Jadi kebangun gara - gara mimpi si sisi makan anak saya.  ã…¤ã…¤ 
Time created :Sun Mar 07 20:03:29 +0000 2021, text : Kasihku takkan berubah, selalu padamu, dan terus bertambah. Pancarkan segala bencimu padaku, niscaya tak goyang yakinku. Azazil tak akan mampu merayuku tuk berpaling darimu. Bahkan bila sampai seribu kali ia merayu, ia akan jera di makan waktu. 
Time created :Sun Mar 07 20:04:34 +0000 2021, text : @GaluhAgustinaS Bukan takut gendut sih, yg lebih beresiko takut diabet atau lainnya  , karena malam seharusnya rileks , organ tubuh waktunya istirahat , kalo makan yg kerja hanya organ pencernaan doang. 
Time created :Sun Mar 07 20:04:54 +0000 2021, text : ooh begini rasanya kalo ditreat sebegitunyağŸ˜‚ğŸ¤£, mau ini mau itu tinggal modus update ig story eh masuk notif wa "lari besok deh sdh itu makan bubur" 1 notif sdh mewakili semuanya yg ku mauğŸŒªğŸŒª 
Time created :Sun Mar 07 20:04:59 +0000 2021, text : ketika tidur Suzy sering berbicara, tertawa bahkan teriak tanpa ia sadari.Suzy juga punya kebiasaan tidur di mana saja dan kapan saja. Pernah suatu ketika Suzy tertidur pda saat sedang makan. 
Time created :Tue Apr 20 02:26:58 +0000 2021, text : @jugunagan nikahin suka susu opet jadi kek menggilan ikan hias makan buku kek gorneg kerupuk makan tai lalat melaut ke bajak kemana mana makan santai minum goreng rebuh rambut 
Time created :Tue Apr 20 02:27:05 +0000 2021, text : @ligfiredehp Gue suka nontonin tanboy kun karna dia gapernah lupa berdoa sebelum makan wkwk, kalo korea paling demen sma hamzy btw semangat puasanya gue sih lg g puasağŸ˜‚ 
Time created :Tue Apr 20 02:27:10 +0000 2021, text : Cinnamon tak maneh, how can cinnamon rasa maneh? I sukaa bauu diaaaa, makan pun sedap tapiil dia tak manis.... Ke dia memang manis tapi bukan manis sangat? 
Time created :Tue Apr 20 02:27:28 +0000 2021, text : Dia punya quote macam dulu susah menjala ikan tempuh ombak, redah hujan bawa grabfood, jalan kaki pergi klinik kesihatan check up baby sebab takda transport, tak makan berhari hri sebab takda duit. Padahal lahir lahir dah atas kayangan lol what a joke 
Time created :Tue Apr 20 02:27:29 +0000 2021, text : @ryuxellashin karena warna warna makanan yang kita makan kecampur di sistem pencernaan kita dan alhasil menjadi warna coklat, tapi nggak tau juga sih karena aku ngasal 
Time created :Tue Apr 20 02:27:46 +0000 2021, text : @ZOO_FESS Beberapa hari lalu kucing yang suka aku kasih makan ketabrak, sebelum aku belanja sayur si kucing masih deketin minta makan pas pulang udah mati di pinggir jalan beneran orang tega banget ğŸ˜­ğŸ˜­ 
Time created :Tue Apr 20 02:27:53 +0000 2021, text : @ZPlhiv Biasa mula2 pengambilan rasa MCM tu lama kelamaan dah tiada dah rasa mual dan loya walaupun selepas ambil ubat(itu pengalaman sy la 2thn makan ubat) 
Time created :Tue Apr 20 02:28:01 +0000 2021, text : kelakar bila nak lawan dengan tandatangan. maki hamun pun dia tak makan, ni nak guna tandatangan.   laksamana bentan datang menyembah, merendah diri walaupun gagah, raja adil raja disembah, raja zalim raja disanggah. 
Time created :Tue Apr 20 02:28:11 +0000 2021, text : @khairizulfadhli Kau ni dah kenapa? makan nasi ke benda lain? Asyik duduk kutuk orang lain je. Perengai bapok la kau mok. Kau jangan turun Muar. Aku jumpa kau je terus ludah atas muka kau. 
Time created :Tue Apr 20 02:28:14 +0000 2021, text : @JonginWife91 One of the alternative is vitro human skin equivalent. Dia buat dari sel to tisu to skin. Tapi makan cost sikit sbb kene buat kat lab, kalau pakai haiwan diorang just tangkap je. Zana tahu benda ni pun sbb sem lepas ade buat small speech about animal testing ğŸ˜… https://t.co/twmPyaPj02 
Time created :Tue Apr 20 02:28:15 +0000 2021, text : ã…¤ ã…¤ "Asha mau titip Tata dulu di sini sebab mau jenguk Zea di Mayapada sekalian ada rapat sama klien sampe sore,"  "Oalah gitu, yowes gak apa-apa. Si Zea kenapa itu kok bisa masuk rumah sakit?"  "Halah, biasalah anak muda. Coba-coba makan, taunya alerginya kambuh itu," ã…¤ ã…¤ 
Time created :Tue Apr 20 02:28:30 +0000 2021, text : awalnya bikin cerita kejadian pindah Agama dg di bumbuin kebohongan bla....blaa...blaa..utk bahan supaya pendengar terhipnotis..sehingga tersebar dari mulut ke mulut terus terkenal keenaakan utk cari makan lewat ngehoax jadi Mualaf.. 
Time created :Tue Apr 20 02:28:33 +0000 2021, text : Setelah berhasil puasa 2hari after sakit, hari ke-3 kembali tidak berpuasa. Perut krucuk" kek dikrues dari malem pdhl udah makan, udah minum obat juga. 
Time created :Tue Apr 20 02:28:41 +0000 2021, text : Serial Amalan Utama Ajaran Rasulullah SAW #13  Rasulullah Shallalahu 'alaihi wa sallam pernah bersabda: "Yang terbaik dari kalian adalah yang memberi makan dan menjawab salam."  Musnad Ahmad Hadits No. 22800 https://t.co/gbeXYKkD2r 
Time created :Tue Apr 20 02:29:10 +0000 2021, text : Bagaimana respons MUI Kota Serang terkait polemik larangan warung makan buka siang hari? - VIDEO: Pemkot Serang Larang Warung Makan Buka https://t.co/NcqxqaMhJs 
Time created :Tue Apr 20 02:29:16 +0000 2021, text : @Hysirii Ngapain makan rambut :(  Eh iya buat yang di Bandung yang mau tes HIV dan IMS bisa chat aku yah. Ada Tes VCT Gratis program pemerintah. Dapat kondom gratis juga. Yuk sayangi diri dan pasangan. https://t.co/2dtT6Vbq3q 
Time created :Tue Apr 20 02:29:18 +0000 2021, text : @ampaskayujati @Hariang_ @DivHumas_Polri iya, bang... demi Allah gw sampe sumpahÂ²in tuh oknum... biar mampus pas makan duit gw bareng keluarganya... 
Time created :Tue Apr 20 02:29:28 +0000 2021, text : Kalo kenangan buruk susah banget dilupain, giliran nginget-nginget kemaren makan apa sampe alergi begini kagak ada yg nyantol satu pun ini.... YaAllaaaah ğŸ˜­ 
Time created :Tue Apr 20 02:29:35 +0000 2021, text : @damdamie_ Gue juga ada stray cat gt dari bayi pas emanya lahir dia disini sampe gede gini gue urus kasih makan, bokap gue yg mandiin tapi gak tinggal di rumah di luar rmh, tuh lucu kan https://t.co/XtotVdg7xH 
Time created :Tue Apr 20 02:29:35 +0000 2021, text : @ninthoddsmel Wah, dia terkesan.  "Rekan-rekanku selalu mengeluh kalau aku makan cup ramen. Terima kasih sudah menemani." sambil seruput-seruput. Tau-tau habis. 
Time created :Tue Apr 20 02:29:37 +0000 2021, text : Jadi kucing gue tuh kek lagi mam biskuit terus gue kek mainan gt sama kucingny biskuitny w masukin mulut seakan2 gue ngajak meng mainan pocky game asu tp namany biskuit yh lama2 ad yg lumer sdkit dlm mulut ak makan biskuit meng ğŸ˜° 
Time created :Tue Apr 20 02:29:38 +0000 2021, text : @firdausAzlan13 we have dumb government, of course kita stuck here in Selangor for another year.  yes, kalau cuti raya, kena cari yg best and ada makan skali 
Time created :Tue Apr 20 02:29:40 +0000 2021, text : @biyarin_ @yourpetsfess Hai aku sendernya. Udah kak. Udh dibiarin main sepuasnya diluar. Kebetulan disekitar rumahku jarang ada kucing liar. Disuruh pulang buat makan aja krn emng gak mau makan samsek. Pdhl waktu opname dia heboh pgn plg pas plg kambuh lagi. 
Time created :Tue Apr 20 02:29:43 +0000 2021, text : jadi cat lovers sejak dalam kandungan ibu, kakek nenek om tante semua cat lovers, setiap bulan untuk makan pasir mereka bisa diangka 5jt belum biaya vaksin, steril, berobat, operasi dll, engga ada tuh menyesal dan teriak bilang uang habis untuk mereka. 
Time created :Tue Apr 20 02:29:44 +0000 2021, text : @ieoeelmik kehitungggg wkwkk ayo kita kasih makan buat tyong!  also aduh gue beneran kepikiran anjir gimana kalo tyong beneran ngikutin jejak 3racha .... SC dulu tiap 2 minggu sekali, baru bikin mini album tahun depannya 
Time created :Tue Apr 20 02:29:46 +0000 2021, text : @psiyong Astaga ga masuk mentab.  .  Betul, belum lagi kalau tipe yang susah makan. Pas bukber taunya bukan makanan yang disuka jadi cuma makan sedikit. Harus beli lagi T^T 
Time created :Tue Apr 20 02:29:46 +0000 2021, text : @ntsana_ dlu th 2016 juga waktu masi kelas 3 sma. aku tinggal berdua sm mama, lagi gk ada duit sm sekali cuma punya 5rb mama kasi ke aku buat bekel sekolah. disekolah gk jajan sm sekali cuma bawa minum dan temenku baik2 jd dijajanin. nyampe rumah mama tidur , kayanya blm makan apa2 -cont 
Time created :Tue Apr 20 02:29:51 +0000 2021, text : Aku kalau kakak aku dengan kakak ipar aku ada dekat rumah.. tengak dah pukul 7 aku cakap â€œboleh dah kita ni standbyâ€ diorang yang buat aku lari ğŸ˜…ğŸ˜‚ 
Time created :Tue Apr 20 02:30:00 +0000 2021, text : @okkyvinasty  hai ka ,mohon maaf sebelumnya perihal paket tersebut di system kami tidak bisa kami temukan ya ka ,sesuai prosedur perusahaan kami ,makan akan kami bantu proses pegantian paket tersebut ke pihak pengirim atau mark.. https://t.co/509nx0Q3g7 
Time created :Tue Apr 20 02:30:05 +0000 2021, text : @fessthai nder, demi deh nemu papo pacaran disawah makan diempang juga gue mau nder, PACARAN PAKE SUPRA MODAL GEDEBAGE - CIAMIS juga ak rela nder, sIAPA JGA YG TAK MAU MODELAN PAPO BGNI ampunn 
Time created :Tue Apr 20 02:30:05 +0000 2021, text : Durian Ori Moonkek.â¤ï¸. Antara flavour yang top dan premium dekat MimiLala ni tau.. Sangatlah rugi kalo tak try..rasanya bila masuk mulut mmg meltinggg ğŸ¤¤ğŸ¤¤ Tekstur sgt moist dan lembut.. less sweet pulak tau..kanak2 pun boleh makan tau  ğŸ‘ğŸ‘ğŸ¥° https://t.co/0FShi5REax 
Time created :Tue Apr 20 02:30:07 +0000 2021, text : Pembagian Ta'zil Makan Nasi Box untuk Berbuka Puasa kepada Warga Masyarakat slum Area Di Jl. Peninggaran Barat II  RT. 10 RW. 11 Kel. Keb Lama Utara  Kec. Kebayoran Lama Jakarta Selatan Oleh IPTU SUTIJAN (Kapolsubsektor Permata Hjau) Dan Binmas AIPTU ROHMADI sebanyak 35 bungkus. https://t.co/GhsMzTJY8k 
Time created :Tue Apr 20 02:30:11 +0000 2021, text : Pets! Ada yg pernah gak pas mengnya sakit trs malemnya dia super lemes trs kalian ngerasa badannya mulai dingin. Aku pernah mengku kayak gt, sblm tdr aku suapin makan sm madu. Tp paginya ttp ga ketolongğŸ˜­ kalo kyk gitu, gmn ya caranya supaya dia bisa bertahan?ğŸ˜­ 
Time created :Tue Apr 20 02:30:33 +0000 2021, text : Aku nak ludah je lah pegawai @KKMPutrajaya yg macam anjing ni. Kes lopak takde tindakan tiba2 dgn Student kau bukan makan menyalak Ye 
Time created :Tue Apr 20 02:30:50 +0000 2021, text : Dulu, ada anak twitter tau alamat kantor dan sok ngirim surprise gofood. Karna ngerasa gak beli. Terus temen aing yang makan. Besok nya orangnya nanya ğŸ˜‚ğŸ˜‚ Lah kan gak tau ya, saya anaknya jujur, gak saya makan wkwkw Besoknya dia ngirim lagi, tapi konfirmasi, akhirnya diterima ğŸ˜‚ 
Time created :Tue Apr 20 02:31:11 +0000 2021, text : @susipudjiastuti Apanya yg salah jika uang makan pekerja 7,5 miliar perhari bu Sus?? bukankah uang yg berputar tersebut berarti perekonomian di masyarakat sekitarnya bisa bertambah menjadi lebih baik?? sekali2 liat dari segi positifnya dong Bu?? 
Time created :Tue Apr 20 02:31:12 +0000 2021, text : Sebenarnya bulan puasa ni makan kurma pun dah cukup masa bersahur untuk kekal kenyang sehingga berbuka.. Tapi kena pandai pilih kurma.. Contohnya, ayam masak kurma, daging masak kurma, kambing masak kurma..   Good luck.. ğŸ¤£ 
Time created :Tue Apr 20 02:31:22 +0000 2021, text : Korang, baca tweet ni. Jangan main hp je tak tolong isteri/ mak karang diorg tak masak baru tahu ğŸ˜†ğŸ˜†  @firdaus_pitt @syafiqq_abdulla @AbdullahAmiru11 @_mieezul @Ridridzuan2 
Time created :Tue Apr 20 02:31:24 +0000 2021, text : cuma karena papa di PHK karna dampak covid dari desember, dan sekarang ngeluh "ga mampu" ngasih makan mereka langsung dikata katain. coba cek kerumah seperti apa kondisi mereka. 
Time created :Tue Apr 20 02:31:25 +0000 2021, text : @muannas_alaidid Sudahlah kek.. gausah ditanggapi,, terus bersabar ya. Sya cuma bisa mendoakan semoga sodara saya yg mualaf itu segera sadar dan cari makan yg halal 
Time created :Tue Apr 20 02:31:34 +0000 2021, text : Jaid keinget empus yg matinya juga gara" gasengaja makan tikus tetangga yg diracun, gw nyesel senyesel"nya kenapa pagi itu gak ngasi makan dia yg banyak, kenapa waktu itu dia dibolehin keluar. Pengen bgt marahin yg buang tikus sembarangan. Tapi yaudah lah akhirnya cma bisa ikhlas 
