Terima kasih untuk semua fans United yang ikut begadang malam ini! Dukungan kalian luar biasa! ğŸ™ŒğŸ»ğŸ”¥  Kita tidur dulu, nanti pagi lanjut lagi. Dadaah! ğŸ‘‹ğŸ»  #MUFC #MCIMUN https://t.co/vRPSMorK9g
Politik itu, lebih rumit dari soal matematika kalkulus IV. Pelawakpun jadi politisi, buktinya memilih cawapres yg serius itu, mrk jadikan guyonan. Terserah dalangnya, buat KLB ok, KBL juga monggo. Pagi ngomong YA, siang jadi MUNGKIN, kesimpulan sorenya TIDAK ~ Angkhu Dhen.
Selamat siang semuanya! Sudah siap untuk menyaksikan pertunjukkan live streaming setlist "Fly! Team T!" oleh @_JKT48TeamT? Tiket pertunjukan bisa kamu dapatkan di sini: https://t.co/fsLvXXpAI5  #FlyWithTeamTJKT48 https://t.co/U0oxsokssR
Selamat siang semua! Sebentar lagi kita akan menyaksikan pertunjukan setlist Idol no Yoake - Fajar Sang Idola oleh @_JKT48TeamJ . Tiket livestreaming pertunjukan masih bisa didapatkan di tautan berikut : https://t.co/Gyj0QtlMIz  #JKT48ReadyGoTeamJ
Bisa tidur nyenyak walau besok senin. ğŸ”¥
Dah tidur?
Bangun tidur, tendang-tendang guling dan selimut, nyalain Netflix buat nonton judul-judul ini. https://t.co/p9v4EyRlWQ
Menag @YaqutCQoumas bersama Ketua Otoritas Umum Bidang Urusan Islam dan Wakaf Uni Emirat Arab (UEA) Mohammed bin Matar Al Kaabi, Sabtu (6/3/2021) siang ini akan meletakkan batu pertama pembangunan Masjid Raya Sheikh Zayed di Solo  #GusMen https://t.co/YZ4pIvAIQP
Macam-macam resep terong yang bisa jadi pilihan buat menu makan siang hemat dan nikmat! cc: @masaktv https://t.co/8XyYN5167x
Ayo jangan tidur terus. olahraga ayo olahragaa!!
