#TemanPemilih, jangan segan  untuk meminta informasi yg kamu butuhkan terkait pemilu dan lembaga KPU RI.Yg jelas #KPUmelayani dengan Senyum, Sapa, Salam. simak yuks profil singkat Pelayanan Informasi di KPU di link berikut https://t.co/UxSZrPlHeW
PILEG  berbarengan dengan pilpres menggunakan suara hasil pemilu sebelumnya seperti saat ini, menjadi faktor pemburu rente dan kekuasaan memilih jalan pintas merebut partai yg suara signifikan. Suara 7,8 persen partai Demokrat yang sedang diburu dan akan dijual agar bisa nyapres.
#TemanPemilih,Sebagai upaya tingkatkn kapasitas SDM pylegara pemilu yg profesional,KPU akan bangun Pusat Platihan, Pnelitian dan Pgembangan di Kab Subang.Jumat (26/2),Kapuslatlitbang Setjen KPU Lucky Firnandy lakukan pertemuan dgn Sekda Subang Asep Nurono,di kantor KPU kab Subang https://t.co/cng8ghojh6
Bergabungnya 10 Kiai besar NU di internal DPC Demokrat Banyuwangi, diyakini akan mendorong peningkatan dukungan memuluskan target kemenangan pada Pemilu 2024.  Juga makin meyakinkan masyarakat bahwa Demokrat memilih jalur perjuangan bersama Wong Cilik.  https://t.co/MZHNKnKdtG
Ini dia alasan PAN tolak revisi UU Pemilu #IndonesiaMaju https://t.co/GMuv8R0ON4
PSI Sepakat Tolak Revisi UU Pemilu #IndonesiaMaju https://t.co/GFLrPNrmHz
PKPI Tegas Tolak Revisi UU Pemilu #IndonesiaMaju https://t.co/ZsLScPwoA5
[RISET] Ada sejumlah problematika teknis yang membutuhkan kejelasan dan kepastian jika pemilu serentak nasional tetap digelar di 2024.  #Riset #adadikompas  https://t.co/1oI5uWWez3
Bergabungnya 10 Kiai besar NU di internal DPC Demokrat Banyuwangi, diyakini akan mendorong peningkatan dukungan memuluskan target kemenangan pada Pemilu 2024.  Juga makin meyakinkan masyarakat bahwa Demokrat memilih jalur perjuangan bersama Wong Cilik.  https://t.co/MZHNKnKdtG
PILEG  berbarengan dengan pilpres menggunakan suara hasil pemilu sebelumnya seperti saat ini, menjadi faktor pemburu rente dan kekuasaan memilih jalan pintas merebut partai yg suara signifikan. Suara 7,8 persen partai Demokrat yang sedang diburu dan akan dijual agar bisa nyapres.
